{"cameraMode":{"drawMode":0,"name":"Shaded","section":"Shading Mode"},"sceneLighting":true,"audioPlay":false,"sceneViewState":{"showFog":true,"showMaterialUpdate":true,"showSkybox":true,"showFlares":true,"showImageEffects":true,"showParticleSystems":true},"in2DMode":false,"pivot":{"x":-0.055200301110744479,"y":1.488250494003296,"z":-0.4069904685020447},"rotation":{"x":0.24294297397136689,"y":-0.007273279596120119,"z":0.0018254333408549429,"w":0.9700387120246887},"size":12.457198143005371,"orthographic":true}